Date,Model,Batch_size,epochs,Learning_rate,Training_Report,Confusion_Matrix,acc,val_acc,loss,val_loss,DATA_TYPE
Wed Oct  5 22:45:46 2022,MobileNet,32,30,0.0001,"              precision    recall  f1-score   support

      Benign       0.74      0.66      0.70       391
          CC       0.52      0.59      0.55       320
        Calc       0.93      0.84      0.88       347
         MLO       0.60      0.54      0.57       352
        Mass       0.85      0.93      0.89       325
   Melignant       0.58      0.78      0.67       281

   micro avg       0.70      0.72      0.71      2016
   macro avg       0.70      0.72      0.71      2016
weighted avg       0.71      0.72      0.71      2016
 samples avg       0.71      0.72      0.71      2016
",192_89_132_259_174_178_130_190_304_21_56_291_191_129_162_190_294_53_24_301_235_156_63_218_,,,,,
Wed Oct  5 23:01:03 2022,MobileNet,32,30,5e-05,"              precision    recall  f1-score   support

      Benign       0.73      0.75      0.74       391
          CC       0.52      0.68      0.59       320
        Calc       0.88      0.91      0.90       347
         MLO       0.57      0.57      0.57       352
        Mass       0.90      0.86      0.88       325
   Melignant       0.63      0.64      0.64       281

   micro avg       0.70      0.74      0.72      2016
   macro avg       0.71      0.73      0.72      2016
weighted avg       0.71      0.74      0.72      2016
 samples avg       0.71      0.74      0.71      2016
",175_106_99_292_152_200_104_216_281_44_30_317_170_150_150_202_315_32_46_279_287_104_101_180_,,,,,
Wed Oct  5 23:05:23 2022,MobileNet,32,50,1e-06,"              precision    recall  f1-score   support

      Benign       0.75      0.72      0.74       391
          CC       0.53      0.60      0.56       320
        Calc       0.89      0.91      0.90       347
         MLO       0.57      0.54      0.56       352
        Mass       0.88      0.89      0.88       325
   Melignant       0.63      0.70      0.66       281

   micro avg       0.71      0.73      0.72      2016
   macro avg       0.71      0.73      0.72      2016
weighted avg       0.71      0.73      0.72      2016
 samples avg       0.72      0.73      0.71      2016
",187_94_109_282_181_171_129_191_287_38_31_316_176_144_161_191_309_38_37_288_277_114_85_196_,,,,,
Wed Oct  5 23:10:50 2022,MobileNet,32,50,5e-07,"              precision    recall  f1-score   support

      Benign       0.75      0.73      0.74       391
          CC       0.52      0.60      0.56       320
        Calc       0.89      0.91      0.90       347
         MLO       0.58      0.54      0.56       352
        Mass       0.89      0.87      0.88       325
   Melignant       0.64      0.70      0.67       281

   micro avg       0.71      0.73      0.72      2016
   macro avg       0.71      0.73      0.72      2016
weighted avg       0.71      0.73      0.72      2016
 samples avg       0.72      0.73      0.71      2016
",184_97_104_287_174_178_128_192_286_39_30_317_180_140_161_191_312_35_41_284_280_111_84_197_,,,,,
Wed Oct  5 23:13:08 2022,MobileNet,32,20,0.0001,"              precision    recall  f1-score   support

      Benign       0.68      0.84      0.75       391
        Calc       0.83      0.93      0.88       347
        Mass       0.92      0.82      0.86       325
   Melignant       0.63      0.54      0.58       281

   micro avg       0.76      0.79      0.78      1344
   macro avg       0.76      0.78      0.77      1344
weighted avg       0.76      0.79      0.77      1344
 samples avg       0.77      0.79      0.78      1344
",124_157_63_328_258_67_24_323_323_24_60_265_303_88_130_151_,,,,,
Wed Oct  5 23:16:07 2022,MobileNet,32,30,5e-05,"              precision    recall  f1-score   support

      Benign       0.66      0.87      0.75       391
        Calc       0.88      0.92      0.90       347
        Mass       0.89      0.90      0.89       325
   Melignant       0.69      0.43      0.53       281

   micro avg       0.78      0.80      0.79      1344
   macro avg       0.78      0.78      0.77      1344
weighted avg       0.78      0.80      0.78      1344
 samples avg       0.79      0.80      0.79      1344
",106_175_50_341_280_45_28_319_311_36_34_291_336_55_159_122_,,,,,
Wed Oct  5 23:20:28 2022,MobileNet,32,50,1e-06,"              precision    recall  f1-score   support

      Benign       0.72      0.73      0.72       391
        Calc       0.87      0.93      0.90       347
        Mass       0.91      0.87      0.89       325
   Melignant       0.60      0.63      0.62       281

   micro avg       0.78      0.79      0.79      1344
   macro avg       0.78      0.79      0.78      1344
weighted avg       0.78      0.79      0.79      1344
 samples avg       0.79      0.79      0.79      1344
",172_109_107_284_279_46_26_321_319_28_41_284_276_115_105_176_,,,,,
Thu Oct  6 13:40:43 2022,MobileNet,32,50,0.001,"              precision    recall  f1-score   support

      Benign       0.72      0.69      0.70       391
        Calc       0.88      0.91      0.89       347
        Mass       0.90      0.86      0.88       325
   Melignant       0.64      0.55      0.59       281

   micro avg       0.79      0.76      0.78      1344
   macro avg       0.78      0.75      0.77      1344
weighted avg       0.79      0.76      0.77      1344
 samples avg       0.79      0.76      0.77      1344
",174_107_122_269_280_45_30_317_317_30_44_281_302_89_126_155_,,,,,
Thu Oct  6 13:48:40 2022,MobileNet,32,50,1e-05,"              precision    recall  f1-score   support

      Benign       0.74      0.67      0.71       391
        Calc       0.85      0.93      0.89       347
        Mass       0.91      0.85      0.88       325
   Melignant       0.59      0.68      0.64       281

   micro avg       0.78      0.78      0.78      1344
   macro avg       0.77      0.78      0.78      1344
weighted avg       0.78      0.78      0.78      1344
 samples avg       0.78      0.78      0.78      1344
",190_91_128_263_270_55_26_321_319_28_48_277_260_131_89_192_,,,,,
Thu Oct  6 14:22:53 2022,MobileNet,32,50,1e-07,"              precision    recall  f1-score   support

      Benign       0.74      0.68      0.71       391
        Calc       0.86      0.92      0.89       347
        Mass       0.91      0.85      0.88       325
   Melignant       0.60      0.68      0.63       281

   micro avg       0.78      0.78      0.78      1344
   macro avg       0.78      0.78      0.78      1344
weighted avg       0.78      0.78      0.78      1344
 samples avg       0.79      0.78      0.78      1344
",188_93_125_266_272_53_27_320_319_28_48_277_262_129_91_190_,,,,,
Thu Oct  6 22:13:51 2022,MobileNet,32,50,1e-06,"              precision    recall  f1-score   support

      Benign       0.69      0.75      0.72       391
        Calc       0.85      0.81      0.83       347
        Mass       0.83      0.85      0.84       325
   Melignant       0.55      0.51      0.53       281

   micro avg       0.74      0.74      0.74      1344
   macro avg       0.73      0.73      0.73      1344
weighted avg       0.74      0.74      0.74      1344
 samples avg       0.75      0.74      0.73      1344
",148_133_98_293_274_51_67_280_292_55_49_276_276_115_138_143_,,,,,
Thu Oct  6 23:56:30 2022,MobileNet,32,50,1e-06,"              precision    recall  f1-score   support

      Benign       0.68      0.65      0.66       391
          CC       0.51      0.46      0.48       320
        Calc       0.84      0.83      0.83       347
         MLO       0.53      0.59      0.56       352
        Mass       0.79      0.85      0.82       325
   Melignant       0.57      0.57      0.57       281

   micro avg       0.66      0.66      0.66      2016
   macro avg       0.65      0.66      0.65      2016
weighted avg       0.66      0.66      0.66      2016
 samples avg       0.67      0.66      0.65      2016
",161_120_138_253_208_144_173_147_271_54_60_287_134_186_144_208_274_73_49_276_268_123_121_160_,,,,,
Tue Oct 11 00:05:15 2022,MobileNet,32,10,1e-05,"              precision    recall  f1-score   support

      Benign       0.56      0.55      0.55       215
   Malignant       0.39      0.40      0.39       154

    accuracy                           0.49       369
   macro avg       0.47      0.47      0.47       369
weighted avg       0.49      0.49      0.49       369
",118_97_93_61_,0.5303643941879272_0.5904183387756348_0.6039136052131653_0.6342779994010925_0.6275303363800049_0.6417003870010376_0.6423751711845398_0.6464237570762634_0.6383265852928162_0.6524966359138489_,0.5799458026885986_0.6070460677146912_0.6395664215087891_0.6178861856460571_0.6531165242195129_0.6368563771247864_0.6531165242195129_0.6504064798355103_0.6449864506721497_0.6476964950561523_,0.8433954119682312_0.7566856741905212_0.7471235394477844_0.705795168876648_0.7044681310653687_0.6942352652549744_0.6836643218994141_0.6843766570091248_0.6722626686096191_0.6623744964599609_,0.756586492061615_0.7264150977134705_0.7196296453475952_0.708402693271637_0.7074755430221558_0.6985195875167847_0.7076161503791809_0.6987600922584534_0.6927710771560669_0.6928423643112183_,MLO
Tue Oct 11 18:57:46 2022,MobileNet,32,10,1e-05,"              precision    recall  f1-score   support

      Benign       0.58      0.40      0.47       215
   Malignant       0.41      0.60      0.49       154

    accuracy                           0.48       369
   macro avg       0.50      0.50      0.48       369
weighted avg       0.51      0.48      0.48       369
",85_130_62_92_,0.5371119976043701_0.5958164930343628_0.601214587688446_0.6349527835845947_0.6201079487800598_0.6349527835845947_0.6632928252220154_0.6558704376220703_0.6646423935890198_0.6484480500221252_,0.5121951103210449_0.5338753461837769_0.5149051547050476_0.5338753461837769_0.5636856555938721_0.5636856555938721_0.5392953753471375_0.5392953753471375_0.5420054197311401_0.5555555820465088_,0.8547170758247375_0.7633264064788818_0.7518017888069153_0.7184199690818787_0.706725001335144_0.6907885074615479_0.679202675819397_0.6701897978782654_0.6653075814247131_0.6682752966880798_,0.8285835981369019_0.8126257658004761_0.8023139834403992_0.7805203795433044_0.7471693158149719_0.7392900586128235_0.7522282600402832_0.7553866505622864_0.7403775453567505_0.7386600971221924_,MLO
Tue Oct 11 19:22:13 2022,MobileNet,32,10,1e-05,"              precision    recall  f1-score   support

      Benign       0.57      0.60      0.58       215
   Malignant       0.40      0.38      0.39       154

    accuracy                           0.50       369
   macro avg       0.49      0.49      0.49       369
weighted avg       0.50      0.50      0.50       369
",128_87_96_58_,0.5620782971382141_0.6045883893966675_0.6093117594718933_0.6221322417259216_0.6497975587844849_0.6457489728927612_0.6369770765304565_0.6450742483139038_0.6518218517303467_0.6518218517303467_,0.5799458026885986_0.6151761412620544_0.6151761412620544_0.6124660968780518_0.6233062148094177_0.6205962300300598_0.6368563771247864_0.642276406288147_0.6233062148094177_0.6449864506721497_,0.8241259455680847_0.7555738687515259_0.739916205406189_0.712225079536438_0.6871212720870972_0.7069650292396545_0.6867426037788391_0.6832461357116699_0.6654886603355408_0.6670491099357605_,0.7906357049942017_0.7531802654266357_0.7370977401733398_0.7265101671218872_0.7158371210098267_0.7058141231536865_0.7012508511543274_0.7008516192436218_0.722829282283783_0.6877154111862183_,MLO
Tue Oct 11 21:16:26 2022,VGG19,32,10,1e-05,"              precision    recall  f1-score   support

      Benign       0.59      1.00      0.74       191
   Malignant       0.00      0.00      0.00       135

    accuracy                           0.59       326
   macro avg       0.29      0.50      0.37       326
weighted avg       0.34      0.59      0.43       326
",191_0_135_0_,0.5845447778701782_0.5853098630905151_0.5853098630905151_0.5853098630905151_0.5853098630905151_0.5853098630905151_0.5853098630905151_0.5853098630905151_0.5853098630905151_0.5853098630905151_,0.5858895778656006_0.5858895778656006_0.5858895778656006_0.5858895778656006_0.5858895778656006_0.5858895778656006_0.5858895778656006_0.5858895778656006_0.5858895778656006_0.5858895778656006_,0.6929886937141418_0.6929342746734619_0.6928917169570923_0.6928470730781555_0.6928018927574158_0.6927639245986938_0.6927081942558289_0.6926605105400085_0.6926190853118896_0.6925704479217529_,0.6929184794425964_0.6928773522377014_0.6928272247314453_0.6927799582481384_0.692735493183136_0.6926871538162231_0.6926411390304565_0.6925910711288452_0.6925461292266846_0.6924996376037598_,CC
Tue Oct 11 21:20:02 2022,VGG19,32,10,1e-05,"              precision    recall  f1-score   support

      Benign       0.59      1.00      0.74       191
   Malignant       0.00      0.00      0.00       135

    accuracy                           0.59       326
   macro avg       0.29      0.50      0.37       326
weighted avg       0.34      0.59      0.43       326
",191_0_135_0_,0.5853098630905151_0.5853098630905151_0.5853098630905151_0.5853098630905151_0.5853098630905151_0.5853098630905151_0.5853098630905151_0.5853098630905151_0.5853098630905151_0.5853098630905151_,0.5858895778656006_0.5858895778656006_0.5858895778656006_0.5858895778656006_0.5858895778656006_0.5858895778656006_0.5858895778656006_0.5858895778656006_0.5858895778656006_0.5858895778656006_,0.6928165555000305_0.69278883934021_0.6927270293235779_0.6926791667938232_0.6926327347755432_0.6925978660583496_0.69254070520401_0.6924891471862793_0.6924492120742798_0.6924004554748535_,0.6927931308746338_0.6927446126937866_0.6926940083503723_0.692650556564331_0.6926024556159973_0.6925551295280457_0.6925076246261597_0.6924635767936707_0.6924147009849548_0.692367434501648_,CC
Tue Oct 11 21:46:53 2022,VGG19,32,10,1e-05,"              precision    recall  f1-score   support

      Benign       0.63      0.42      0.51       191
   Malignant       0.44      0.65      0.53       135

    accuracy                           0.52       326
   macro avg       0.54      0.54      0.52       326
weighted avg       0.55      0.52      0.52       326
",81_110_47_88_,0.5087987780570984_0.5011476874351501_0.5133894681930542_0.5057383179664612_0.5141545534133911_0.5294567942619324_0.5508798956871033_0.5439938902854919_0.5317521095275879_0.556235671043396_,0.46625766158103943_0.47239264845848083_0.47239264845848083_0.493865042924881_0.5153374075889587_0.5306748747825623_0.5368098020553589_0.5674846768379211_0.5705521702766418_0.5552147030830383_,0.6930491924285889_0.6931753754615784_0.6930986046791077_0.6930813193321228_0.693058967590332_0.6929805278778076_0.6930383443832397_0.6929382681846619_0.692954421043396_0.6928988099098206_,0.6930585503578186_0.6930146217346191_0.6929717659950256_0.6929279565811157_0.6928847432136536_0.6928468942642212_0.6928010582923889_0.6927602887153625_0.6927182078361511_0.6926734447479248_,CC
Tue Oct 11 21:49:42 2022,VGG19,32,10,1e-05,"              precision    recall  f1-score   support

      Benign       0.60      0.54      0.57       191
   Malignant       0.42      0.48      0.45       135

    accuracy                           0.52       326
   macro avg       0.51      0.51      0.51       326
weighted avg       0.52      0.52      0.52       326
",103_88_70_65_,0.49808722734451294_0.5110940933227539_0.5241010189056396_0.5585309863090515_0.5631216764450073_0.560826301574707_0.5967865586280823_0.5623565316200256_0.5929609537124634_0.5891354084014893_,0.5030674934387207_0.5092024803161621_0.4969325065612793_0.5030674934387207_0.5153374075889587_0.5276073813438416_0.5184049010276794_0.546012282371521_0.5490797758102417_0.546012282371521_,2.611849546432495_2.3073925971984863_2.091977596282959_1.9332752227783203_1.80682373046875_1.7779862880706787_1.6250104904174805_1.6640042066574097_1.595482349395752_1.576828122138977_,1.8531670570373535_1.8381606340408325_1.830146312713623_1.8191393613815308_1.7918916940689087_1.774446964263916_1.7123053073883057_1.6567671298980713_1.6287894248962402_1.6030707359313965_,CC
Tue Oct 11 22:08:29 2022,VGG19,32,20,0.0001,"              precision    recall  f1-score   support

      Benign       0.55      0.43      0.49       191
   Malignant       0.39      0.50      0.44       135

    accuracy                           0.46       326
   macro avg       0.47      0.47      0.46       326
weighted avg       0.48      0.46      0.47       326
",83_108_67_68_,0.5539402961730957_0.6082631945610046_0.6312165260314941_0.6511093974113464_0.6449885368347168_0.6602907180786133_0.6763580441474915_0.6648814082145691_0.673297643661499_0.6954858303070068_0.6931905150413513_0.711553156375885_0.6801836490631104_0.6901300549507141_0.6901300549507141_0.7123183012008667_0.6947207450866699_0.7214996218681335_0.7199693918228149_0.7061973810195923_,0.5398772954940796_0.5797545909881592_0.6196318864822388_0.6073619723320007_0.6257668733596802_0.5889570713043213_0.5828220844268799_0.5858895778656006_0.6012269854545593_0.592024564743042_0.6196318864822388_0.5889570713043213_0.5981594920158386_0.6196318864822388_0.6165643930435181_0.6288343667984009_0.6349693536758423_0.5736196041107178_0.6288343667984009_0.592024564743042_,1.9772309064865112_1.5238837003707886_1.3712940216064453_1.32848060131073_1.239612102508545_1.1969512701034546_1.1370598077774048_1.1691696643829346_1.0483735799789429_1.0419491529464722_1.001041054725647_0.9625905156135559_1.0140269994735718_0.9803131222724915_0.9416888952255249_0.896008312702179_0.925944983959198_0.878381073474884_0.846260130405426_0.8525039553642273_,1.4237258434295654_1.299107313156128_1.2642817497253418_1.1862707138061523_1.1471636295318604_1.157059669494629_1.1860685348510742_1.1375118494033813_1.076499342918396_1.0555461645126343_1.05610990524292_1.0529366731643677_1.0369282960891724_1.0946338176727295_1.0724353790283203_1.0692451000213623_1.064940094947815_1.164730191230774_1.0133769512176514_1.075138807296753_,CC
Thu Oct 13 20:35:04 2022,VGG19,32,20,0.0001,"              precision    recall  f1-score   support

      Benign       0.60      0.55      0.57       191
   Malignant       0.43      0.47      0.45       135

    accuracy                           0.52       326
   macro avg       0.51      0.51      0.51       326
weighted avg       0.53      0.52      0.52       326
",106_85_72_63_,0.5799540877342224_0.6136189699172974_0.6495791673660278_0.6595256328582764_0.6472838521003723_0.6648814082145691_0.6625860929489136_0.6702371835708618_0.6778882741928101_0.6671767234802246_0.6931905150413513_0.6809487342834473_0.6794185042381287_0.7107880711555481_0.6916602849960327_0.7107880711555481_0.7222647070884705_0.7046671509742737_0.7031369805335999_0.732211172580719_,0.6288343667984009_0.6595091819763184_0.6380367875099182_0.6625766754150391_0.6717791557312012_0.6840490698814392_0.6840490698814392_0.6748466491699219_0.6901840567588806_0.6687116622924805_0.6840490698814392_0.6687116622924805_0.696319043636322_0.7208588719367981_0.696319043636322_0.6748466491699219_0.699386477470398_0.7024539709091187_0.7208588719367981_0.6840490698814392_,2.0565133094787598_1.5478544235229492_1.374036192893982_1.2746671438217163_1.2595772743225098_1.1430054903030396_1.1253987550735474_1.1094586849212646_1.133407473564148_1.0738325119018555_1.071858286857605_1.0543047189712524_1.0549973249435425_0.9731251001358032_0.9821884036064148_0.9418937563896179_0.9164264798164368_0.905820369720459_0.9147117137908936_0.8628601431846619_,1.5219014883041382_1.2249923944473267_1.1822552680969238_1.1125108003616333_1.0597034692764282_1.019522786140442_0.9616320133209229_0.9542995691299438_0.9513489603996277_0.9856798648834229_0.9330650568008423_0.9387422204017639_0.9565170407295227_0.8915719985961914_0.8935520648956299_0.8943957686424255_0.919288694858551_0.8508251309394836_0.850217878818512_0.8547259569168091_,CC
Thu Oct 13 20:49:07 2022,VGG19,32,20,0.0001,"              precision    recall  f1-score   support

      Benign       0.58      0.77      0.66       191
   Malignant       0.39      0.21      0.27       135

    accuracy                           0.54       326
   macro avg       0.48      0.49      0.47       326
weighted avg       0.50      0.54      0.50       326
",147_44_107_28_,0.5784238576889038_0.6113236546516418_0.6350420713424683_0.6641163229942322_0.6679418683052063_0.6633511781692505_0.6771231889724731_0.6878347396850586_0.6878347396850586_0.7008416056632996_0.6824789643287659_0.6962509751319885_0.7031369805335999_0.7016067504882812_0.7000765204429626_0.7061973810195923_0.7130833864212036_0.7054322957992554_0.711553156375885_0.698546290397644_,0.592024564743042_0.6104294657707214_0.6564416885375977_0.6564416885375977_0.6104294657707214_0.6779140830039978_0.6595091819763184_0.6625766754150391_0.6226993799209595_0.6319018602371216_0.6134969592094421_0.6717791557312012_0.6687116622924805_0.6625766754150391_0.650306761264801_0.6595091819763184_0.6656441688537598_0.6441717743873596_0.6687116622924805_0.6717791557312012_,1.8758665323257446_1.5191255807876587_1.3677891492843628_1.2148759365081787_1.217480182647705_1.1358970403671265_1.1545637845993042_1.0512546300888062_1.0562803745269775_1.0264480113983154_1.0052118301391602_0.993020236492157_0.9433176517486572_0.9126334190368652_0.9538180232048035_0.9083453416824341_0.9508153796195984_0.9153235554695129_0.8870436549186707_0.8576511740684509_,1.3712565898895264_1.2366873025894165_1.2533296346664429_1.1664739847183228_1.1685192584991455_1.1790237426757812_1.0531504154205322_1.105290174484253_1.0627692937850952_1.103237271308899_1.0339802503585815_1.0050500631332397_1.0174394845962524_1.0849809646606445_1.0492197275161743_1.0678014755249023_0.9677368998527527_0.9254483580589294_0.9416713714599609_1.0309540033340454_,CC
Thu Oct 13 20:54:59 2022,VGG19,32,20,0.0001,"              precision    recall  f1-score   support

      Benign       0.58      0.66      0.62       191
   Malignant       0.40      0.32      0.36       135

    accuracy                           0.52       326
   macro avg       0.49      0.49      0.49       326
weighted avg       0.51      0.52      0.51       326
",127_64_92_43_,0.6006121039390564_0.6411629915237427_0.673297643661499_0.6740627288818359_0.6633511781692505_0.6901300549507141_0.6977812051773071_0.7023718357086182_0.6916602849960327_0.7237949371337891_0.7107880711555481_0.7077276110649109_0.7291507124900818_0.7222647070884705_0.7214996218681335_0.7345064878463745_0.7467482686042786_0.7551645040512085_0.7436878085136414_0.7406274080276489_,0.6564416885375977_0.6717791557312012_0.6134969592094421_0.6901840567588806_0.6380367875099182_0.6349693536758423_0.6226993799209595_0.6871165633201599_0.6901840567588806_0.6717791557312012_0.6687116622924805_0.6564416885375977_0.7116564512252808_0.699386477470398_0.6809815764427185_0.699386477470398_0.6840490698814392_0.6779140830039978_0.6932515501976013_0.6871165633201599_,0.8258888721466064_0.7492758631706238_0.7022123336791992_0.6692400574684143_0.6991849541664124_0.6352828145027161_0.6279768347740173_0.6157152056694031_0.6232981085777283_0.58201664686203_0.6009641289710999_0.5883839726448059_0.5713282823562622_0.5758445858955383_0.5770686864852905_0.5627867579460144_0.5398897528648376_0.5371667742729187_0.5393517017364502_0.5355834364891052_,0.74371737241745_0.6786634922027588_0.6840345859527588_0.6483222246170044_0.6540940403938293_0.6283499002456665_0.6292051076889038_0.5925876498222351_0.6107415556907654_0.6034498810768127_0.6098602414131165_0.6308724880218506_0.5961709022521973_0.5798436403274536_0.5867244601249695_0.5825314521789551_0.5894399285316467_0.6292599439620972_0.604798436164856_0.6099991202354431_,CC
Thu Oct 13 20:59:13 2022,VGG19,32,20,0.0001,"              precision    recall  f1-score   support

      Benign       0.59      0.66      0.62       215
   Malignant       0.43      0.36      0.39       154

    accuracy                           0.53       369
   macro avg       0.51      0.51      0.51       369
weighted avg       0.52      0.53      0.53       369
",141_74_98_56_,0.5890688300132751_0.6066126823425293_0.6261808276176453_0.6511471271514893_0.6666666865348816_0.7010796070098877_0.6734142899513245_0.6862348318099976_0.6855600476264954_0.6997300982475281_0.7051281929016113_0.7031038999557495_0.7085019946098328_0.7213225364685059_0.7071524858474731_0.7125505805015564_0.7085019946098328_0.7199730277061462_0.7354925870895386_0.7449392676353455_,0.5284552574157715_0.5420054197311401_0.6070460677146912_0.56639564037323_0.6178861856460571_0.6449864506721497_0.6151761412620544_0.6043360233306885_0.6585366129875183_0.6341463327407837_0.6504064798355103_0.6612465977668762_0.6233062148094177_0.6287263035774231_0.6151761412620544_0.6476964950561523_0.6368563771247864_0.6747967600822449_0.6368563771247864_0.6639566421508789_,0.8370509743690491_0.7984488010406494_0.7450775504112244_0.6886427998542786_0.6740295886993408_0.6310993432998657_0.6667026877403259_0.6238355040550232_0.6208750009536743_0.6071579456329346_0.612436056137085_0.6066110134124756_0.599799633026123_0.5916758179664612_0.5861498117446899_0.582420289516449_0.5785103440284729_0.5818763375282288_0.5558789968490601_0.5566625595092773_,1.2586989402770996_0.8837950229644775_0.7140399813652039_0.8072795867919922_0.7029860019683838_0.6863717436790466_0.6916444301605225_0.726213812828064_0.6631137728691101_0.6670056581497192_0.6499792337417603_0.648844301700592_0.6702211499214172_0.6549222469329834_0.6983112692832947_0.6413935422897339_0.6444849371910095_0.6328787803649902_0.6545800566673279_0.6357782483100891_,MLO
Thu Oct 13 21:00:33 2022,VGG19,32,20,0.0001,"              precision    recall  f1-score   support

      Benign       0.59      0.66      0.62       215
   Malignant       0.43      0.36      0.39       154

    accuracy                           0.53       369
   macro avg       0.51      0.51      0.51       369
weighted avg       0.52      0.53      0.53       369
",141_74_98_56_,0.5890688300132751_0.6066126823425293_0.6261808276176453_0.6511471271514893_0.6666666865348816_0.7010796070098877_0.6734142899513245_0.6862348318099976_0.6855600476264954_0.6997300982475281_0.7051281929016113_0.7031038999557495_0.7085019946098328_0.7213225364685059_0.7071524858474731_0.7125505805015564_0.7085019946098328_0.7199730277061462_0.7354925870895386_0.7449392676353455_,0.5284552574157715_0.5420054197311401_0.6070460677146912_0.56639564037323_0.6178861856460571_0.6449864506721497_0.6151761412620544_0.6043360233306885_0.6585366129875183_0.6341463327407837_0.6504064798355103_0.6612465977668762_0.6233062148094177_0.6287263035774231_0.6151761412620544_0.6476964950561523_0.6368563771247864_0.6747967600822449_0.6368563771247864_0.6639566421508789_,0.8370509743690491_0.7984488010406494_0.7450775504112244_0.6886427998542786_0.6740295886993408_0.6310993432998657_0.6667026877403259_0.6238355040550232_0.6208750009536743_0.6071579456329346_0.612436056137085_0.6066110134124756_0.599799633026123_0.5916758179664612_0.5861498117446899_0.582420289516449_0.5785103440284729_0.5818763375282288_0.5558789968490601_0.5566625595092773_,1.2586989402770996_0.8837950229644775_0.7140399813652039_0.8072795867919922_0.7029860019683838_0.6863717436790466_0.6916444301605225_0.726213812828064_0.6631137728691101_0.6670056581497192_0.6499792337417603_0.648844301700592_0.6702211499214172_0.6549222469329834_0.6983112692832947_0.6413935422897339_0.6444849371910095_0.6328787803649902_0.6545800566673279_0.6357782483100891_,MLO
Thu Oct 13 21:42:13 2022,VGG19,32,20,0.0001,"              precision    recall  f1-score   support

      Benign       0.56      0.60      0.58       215
   Malignant       0.38      0.35      0.37       154

    accuracy                           0.49       369
   macro avg       0.47      0.47      0.47       369
weighted avg       0.49      0.49      0.49       369
",128_87_100_54_,0.5695006847381592_0.601214587688446_0.6518218517303467_0.643049955368042_0.6538461446762085_0.6801619529724121_0.6632928252220154_0.6788124442100525_0.6835357546806335_0.6916329264640808_0.7125505805015564_0.7031038999557495_0.6997300982475281_0.71659916639328_0.7031038999557495_0.7132253646850586_0.7132253646850586_0.7024291753768921_0.7240216135978699_0.7294197082519531_,0.5257452726364136_0.5636856555938721_0.5962059497833252_0.6233062148094177_0.6504064798355103_0.6531165242195129_0.6151761412620544_0.6178861856460571_0.6720867156982422_0.6802167892456055_0.6747967600822449_0.6775068044662476_0.6016260385513306_0.6612465977668762_0.6585366129875183_0.6693766713142395_0.6612465977668762_0.6693766713142395_0.6802167892456055_0.6558265686035156_,0.8545796871185303_0.7862897515296936_0.7051359415054321_0.6921455264091492_0.687911331653595_0.6554556488990784_0.6690447926521301_0.6366660594940186_0.6181802153587341_0.6305708885192871_0.6048115491867065_0.6033854484558105_0.6134961247444153_0.5808226466178894_0.5966610908508301_0.5772913694381714_0.5781297087669373_0.5917806625366211_0.5710736513137817_0.5646386742591858_,1.2574909925460815_0.8063267469406128_0.7375088930130005_0.6753529906272888_0.6392286419868469_0.631708562374115_0.6299704909324646_0.645579993724823_0.5962915420532227_0.6061419248580933_0.6059247255325317_0.6079590916633606_0.7613434195518494_0.6253764629364014_0.5946090817451477_0.595471978187561_0.593144953250885_0.5943714380264282_0.5966177582740784_0.6094885468482971_,MLO
Thu Oct 13 22:09:24 2022,VGG19,32,20,0.0001,"              precision    recall  f1-score   support

      Benign       0.58      0.61      0.60       191
   Malignant       0.41      0.38      0.39       135

    accuracy                           0.52       326
   macro avg       0.50      0.50      0.49       326
weighted avg       0.51      0.52      0.51       326
",117_74_84_51_,0.5761285424232483_0.631981611251831_0.6495791673660278_0.6824789643287659_0.6694720983505249_0.6725324988365173_0.6962509751319885_0.68630450963974_0.7061973810195923_0.7016067504882812_0.7046671509742737_0.7153787016868591_0.7161438465118408_0.6947207450866699_0.6977812051773071_0.7222647070884705_0.706962525844574_0.7230298519134521_0.7253251671791077_0.7237949371337891_,0.4969325065612793_0.696319043636322_0.6809815764427185_0.6595091819763184_0.6809815764427185_0.6226993799209595_0.6226993799209595_0.6687116622924805_0.7055214643478394_0.7024539709091187_0.6840490698814392_0.6687116622924805_0.7116564512252808_0.7055214643478394_0.7116564512252808_0.699386477470398_0.699386477470398_0.7085889577865601_0.7055214643478394_0.6932515501976013_,0.8787105679512024_0.7546784281730652_0.7230094075202942_0.6756073236465454_0.6620997190475464_0.6807760000228882_0.6371517181396484_0.6431350111961365_0.6259167194366455_0.6233567595481873_0.5980883240699768_0.6058640480041504_0.5840150713920593_0.5926507711410522_0.6081373691558838_0.5677573084831238_0.5920583009719849_0.5666229128837585_0.5466359257698059_0.5643113851547241_,1.5443079471588135_0.6296420693397522_0.6157948970794678_0.6261543035507202_0.6034030318260193_0.6506574749946594_0.6382235288619995_0.609670877456665_0.5764018297195435_0.591327428817749_0.622775673866272_0.5952476263046265_0.5655882954597473_0.5592144727706909_0.5451613068580627_0.5638401508331299_0.5722959041595459_0.5500240921974182_0.5438681840896606_0.5523892045021057_,CC
Thu Oct 13 22:09:46 2022,VGG19,32,20,0.0001,"              precision    recall  f1-score   support

      Benign       0.58      0.61      0.60       191
   Malignant       0.41      0.38      0.39       135

    accuracy                           0.52       326
   macro avg       0.50      0.50      0.49       326
weighted avg       0.51      0.52      0.51       326
",117_74_84_51_,0.5761285424232483_0.631981611251831_0.6495791673660278_0.6824789643287659_0.6694720983505249_0.6725324988365173_0.6962509751319885_0.68630450963974_0.7061973810195923_0.7016067504882812_0.7046671509742737_0.7153787016868591_0.7161438465118408_0.6947207450866699_0.6977812051773071_0.7222647070884705_0.706962525844574_0.7230298519134521_0.7253251671791077_0.7237949371337891_,0.4969325065612793_0.696319043636322_0.6809815764427185_0.6595091819763184_0.6809815764427185_0.6226993799209595_0.6226993799209595_0.6687116622924805_0.7055214643478394_0.7024539709091187_0.6840490698814392_0.6687116622924805_0.7116564512252808_0.7055214643478394_0.7116564512252808_0.699386477470398_0.699386477470398_0.7085889577865601_0.7055214643478394_0.6932515501976013_,0.8787105679512024_0.7546784281730652_0.7230094075202942_0.6756073236465454_0.6620997190475464_0.6807760000228882_0.6371517181396484_0.6431350111961365_0.6259167194366455_0.6233567595481873_0.5980883240699768_0.6058640480041504_0.5840150713920593_0.5926507711410522_0.6081373691558838_0.5677573084831238_0.5920583009719849_0.5666229128837585_0.5466359257698059_0.5643113851547241_,1.5443079471588135_0.6296420693397522_0.6157948970794678_0.6261543035507202_0.6034030318260193_0.6506574749946594_0.6382235288619995_0.609670877456665_0.5764018297195435_0.591327428817749_0.622775673866272_0.5952476263046265_0.5655882954597473_0.5592144727706909_0.5451613068580627_0.5638401508331299_0.5722959041595459_0.5500240921974182_0.5438681840896606_0.5523892045021057_,CC
Thu Oct 13 22:18:08 2022,VGG19,32,20,0.0001,"              precision    recall  f1-score   support

      Benign       0.56      0.60      0.58       191
   Malignant       0.37      0.33      0.35       135

    accuracy                           0.49       326
   macro avg       0.46      0.47      0.46       326
weighted avg       0.48      0.49      0.48       326
",114_77_90_45_,0.5952563285827637_0.6518745422363281_0.6694720983505249_0.6710022687911987_0.6855394244194031_0.698546290397644_0.7046671509742737_0.7023718357086182_0.7039020657539368_0.6893649697303772_0.7077276110649109_0.7061973810195923_0.732211172580719_0.7345064878463745_0.7222647070884705_0.7413924932479858_0.7260903120040894_0.7368018627166748_0.7306809425354004_0.7498087286949158_,0.5276073813438416_0.5705521702766418_0.6932515501976013_0.6748466491699219_0.6411042809486389_0.592024564743042_0.6472392678260803_0.6656441688537598_0.6779140830039978_0.6840490698814392_0.6748466491699219_0.6319018602371216_0.6104294657707214_0.6656441688537598_0.6595091819763184_0.6134969592094421_0.6932515501976013_0.650306761264801_0.6564416885375977_0.6656441688537598_,0.8521897792816162_0.7570797801017761_0.7122841477394104_0.708512544631958_0.6648767590522766_0.637266993522644_0.6263721585273743_0.6254380941390991_0.6017228960990906_0.6159498691558838_0.6151661276817322_0.5970556139945984_0.5859871506690979_0.5760982036590576_0.5853607654571533_0.5551439523696899_0.5685132145881653_0.5553699731826782_0.56308913230896_0.522462785243988_,1.3557963371276855_0.8990712761878967_0.6621421575546265_0.6439124345779419_0.6573874950408936_0.702317476272583_0.6380665898323059_0.6339291334152222_0.6241818070411682_0.6256259083747864_0.624751627445221_0.6816932559013367_0.6617308259010315_0.6041557788848877_0.6216152906417847_0.7110766172409058_0.5908469557762146_0.6090303063392639_0.597538411617279_0.5980580449104309_,CC
Thu Oct 13 22:25:23 2022,VGG19,32,20,0.0001,"              precision    recall  f1-score   support

      Benign       0.58      0.63      0.60       215
   Malignant       0.42      0.37      0.39       154

    accuracy                           0.52       369
   macro avg       0.50      0.50      0.50       369
weighted avg       0.51      0.52      0.52       369
",135_80_97_57_,0.5701754093170166_0.6302294135093689_0.6585695147514343_0.6781376600265503_0.6518218517303467_0.6815114617347717_0.6740890741348267_0.6754385828971863_0.6929824352264404_0.7139001488685608_0.7159244418144226_0.6740890741348267_0.7186234593391418_0.71659916639328_0.7112010717391968_0.7260459065437317_0.71659916639328_0.7132253646850586_0.7179487347602844_0.7395411729812622_,0.5853658318519592_0.5555555820465088_0.6395664215087891_0.6260162591934204_0.5989159941673279_0.5853658318519592_0.5528455376625061_0.6368563771247864_0.5962059497833252_0.6341463327407837_0.6449864506721497_0.6260162591934204_0.631436288356781_0.6233062148094177_0.6476964950561523_0.6449864506721497_0.6504064798355103_0.6043360233306885_0.6368563771247864_0.6558265686035156_,0.8520298600196838_0.7640886306762695_0.7356951832771301_0.6843701004981995_0.6832146644592285_0.6462377905845642_0.6459565758705139_0.6543763279914856_0.640546441078186_0.6238335967063904_0.6044055223464966_0.6273816227912903_0.6053639650344849_0.5960954427719116_0.5920338034629822_0.5732535123825073_0.5804743766784668_0.5868280529975891_0.594611406326294_0.5615503191947937_,0.893268346786499_0.8924219608306885_0.7388224005699158_0.7106382250785828_0.685528576374054_0.7294597029685974_0.7954049706459045_0.6656489372253418_0.708675742149353_0.6671855449676514_0.6700552105903625_0.6838209629058838_0.6644088625907898_0.71345055103302_0.6741328239440918_0.6621353626251221_0.6748743057250977_0.6807805299758911_0.6557714939117432_0.6570891737937927_,MLO
Thu Oct 13 22:35:56 2022,VGG19,32,20,0.0001,"              precision    recall  f1-score   support

      Benign       0.60      0.67      0.63       215
   Malignant       0.44      0.36      0.40       154

    accuracy                           0.54       369
   macro avg       0.52      0.52      0.51       369
weighted avg       0.53      0.54      0.53       369
",144_71_98_56_,0.5708501935005188_0.6167341470718384_0.6423751711845398_0.6558704376220703_0.6572199463844299_0.6538461446762085_0.6713899970054626_0.6882591247558594_0.6740890741348267_0.6848852634429932_0.6950067281723022_0.7017543911933899_0.6916329264640808_0.7010796070098877_0.7044534683227539_0.7132253646850586_0.7031038999557495_0.7112010717391968_0.7064777612686157_0.7186234593391418_,0.5636856555938721_0.5582655668258667_0.6070460677146912_0.6097561120986938_0.5989159941673279_0.5853658318519592_0.5962059497833252_0.5962059497833252_0.5853658318519592_0.6368563771247864_0.6531165242195129_0.6233062148094177_0.6341463327407837_0.642276406288147_0.6476964950561523_0.6395664215087891_0.6504064798355103_0.6639566421508789_0.6666666865348816_0.6720867156982422_,0.8588503003120422_0.7543198466300964_0.6986761093139648_0.6784519553184509_0.6831793189048767_0.6795819997787476_0.6426851153373718_0.6358246803283691_0.625960111618042_0.6240406036376953_0.6150435209274292_0.6061934232711792_0.6194199919700623_0.6004407405853271_0.6108778715133667_0.595268726348877_0.5873757600784302_0.5821008682250977_0.5840904712677002_0.5788016319274902_,0.9197761416435242_0.784045398235321_0.7128110527992249_0.6769490838050842_0.7203352451324463_0.6940218210220337_0.6671221852302551_0.6714574694633484_0.6735388040542603_0.637906014919281_0.6221387386322021_0.6265166997909546_0.6245846748352051_0.6329917311668396_0.6320325136184692_0.6397491097450256_0.6188970804214478_0.6120287179946899_0.6124534606933594_0.6095042824745178_,MLO
Wed Oct 19 22:21:43 2022,VGG19,32,30,0.001,"              precision    recall  f1-score   support

      Benign       0.57      0.58      0.57       215
   Malignant       0.40      0.38      0.39       154

    accuracy                           0.50       369
   macro avg       0.48      0.48      0.48       369
weighted avg       0.50      0.50      0.50       369
",125_90_95_59_,0.5701754093170166_0.6504723429679871_0.6707152724266052_0.667341411113739_0.6686909794807434_0.6855600476264954_0.6990553140640259_0.7064777612686157_0.6828609704971313_0.7017543911933899_0.7004048824310303_0.7145748734474182_0.709176778793335_0.709176778793335_0.7233468294143677_0.7172739505767822_0.7246963381767273_0.7267206311225891_0.7280701994895935_0.7010796070098877_0.71659916639328_0.7206477522850037_0.7206477522850037_0.7327935099601746_0.7300944924354553_0.7294197082519531_0.7537112236022949_0.7422401905059814_0.7402158975601196_0.7489878535270691_,0.5230352282524109_0.6639566421508789_0.6639566421508789_0.6016260385513306_0.6829268336296082_0.6368563771247864_0.6775068044662476_0.6747967600822449_0.6829268336296082_0.6585366129875183_0.6612465977668762_0.6449864506721497_0.6639566421508789_0.6693766713142395_0.6720867156982422_0.6856368780136108_0.6910569071769714_0.6856368780136108_0.6639566421508789_0.6991869807243347_0.6802167892456055_0.6747967600822449_0.6720867156982422_0.6666666865348816_0.6747967600822449_0.6612465977668762_0.6747967600822449_0.6666666865348816_0.6639566421508789_0.6720867156982422_,0.8604465126991272_0.6913175582885742_0.6495296955108643_0.640021800994873_0.6367153525352478_0.6192282438278198_0.6024678349494934_0.5900394320487976_0.5953666567802429_0.5813115835189819_0.5729610919952393_0.5740612745285034_0.579768180847168_0.57322096824646_0.5507552027702332_0.5575761795043945_0.5501733422279358_0.5496517419815063_0.5283353328704834_0.5615176558494568_0.5391087532043457_0.5424273610115051_0.5511775612831116_0.5370630621910095_0.5264788269996643_0.5277690887451172_0.5101274251937866_0.5034500360488892_0.5217180848121643_0.514495849609375_,0.9927706718444824_0.6317697167396545_0.6188792586326599_0.6982855796813965_0.6151744723320007_0.6870390772819519_0.6149471998214722_0.6057041883468628_0.622098445892334_0.5984829664230347_0.5938224196434021_0.6132863163948059_0.6105320453643799_0.5906845927238464_0.6000387668609619_0.588722825050354_0.58381187915802_0.584505558013916_0.5951715707778931_0.5820043683052063_0.587108850479126_0.5969533324241638_0.5870357751846313_0.610959529876709_0.5887865424156189_0.5866829752922058_0.5956798195838928_0.6001652479171753_0.5992922186851501_0.5982227921485901_,MLO
Thu Oct 20 10:56:49 2022,VGG19,32,30,0.001,"              precision    recall  f1-score   support

      Benign       0.58      0.63      0.61       215
   Malignant       0.42      0.37      0.39       154

    accuracy                           0.52       369
   macro avg       0.50      0.50      0.50       369
weighted avg       0.52      0.52      0.52       369
",136_79_97_57_,0.5998650193214417_0.6410256624221802_0.670040488243103_0.6821862459182739_0.6936572194099426_0.689608633518219_0.6808366775512695_0.7213225364685059_0.6977058053016663_0.7179487347602844_0.6916329264640808_0.7132253646850586_0.6936572194099426_0.7246963381767273_0.7206477522850037_0.7321187853813171_0.7321187853813171_0.7159244418144226_0.7246963381767273_0.7314440011978149_0.7395411729812622_0.7294197082519531_0.7449392676353455_0.7139001488685608_0.741565465927124_0.7314440011978149_0.7523616552352905_0.7570850253105164_0.7665317058563232_0.7429149746894836_,0.5338753461837769_0.6178861856460571_0.6395664215087891_0.6368563771247864_0.6287263035774231_0.6395664215087891_0.6178861856460571_0.6368563771247864_0.6097561120986938_0.6260162591934204_0.6476964950561523_0.6395664215087891_0.6639566421508789_0.642276406288147_0.6233062148094177_0.6070460677146912_0.6504064798355103_0.6368563771247864_0.6205962300300598_0.6531165242195129_0.6558265686035156_0.6558265686035156_0.6639566421508789_0.6260162591934204_0.6747967600822449_0.631436288356781_0.6531165242195129_0.6639566421508789_0.6612465977668762_0.6531165242195129_,0.8557242751121521_0.6787782907485962_0.6460282206535339_0.6251769661903381_0.5933069586753845_0.6077445149421692_0.607650637626648_0.5657258033752441_0.6005274653434753_0.5685768723487854_0.5845333337783813_0.5475805997848511_0.5766235589981079_0.5517320036888123_0.5497024059295654_0.5445137619972229_0.5397370457649231_0.5319671034812927_0.5334562063217163_0.5343438982963562_0.5286563634872437_0.5253584384918213_0.5150620341300964_0.5410516262054443_0.5248869061470032_0.5165523886680603_0.5019094347953796_0.49551790952682495_0.49828851222991943_0.5094357132911682_,1.395452857017517_0.9475104212760925_0.6855075359344482_0.6527886390686035_0.6352317929267883_0.6514644622802734_0.6721515655517578_0.952392578125_0.6369851231575012_0.6340140104293823_0.6054876446723938_0.6162974834442139_0.6102044582366943_0.6252120733261108_0.6779511570930481_0.6313683390617371_0.638200581073761_0.6236564517021179_0.6372942328453064_0.6195816993713379_0.612018346786499_0.6086729764938354_0.6240038275718689_0.6504692435264587_0.6189554333686829_0.638641357421875_0.6157094836235046_0.6387048959732056_0.6297670006752014_0.6368227601051331_,MLO
Thu Oct 20 22:50:26 2022,VGG19,32,30,0.001,"              precision    recall  f1-score   support

      Benign       0.53      0.37      0.43       184
   Malignant       0.42      0.58      0.48       144

    accuracy                           0.46       328
   macro avg       0.47      0.47      0.46       328
weighted avg       0.48      0.46      0.46       328
",68_116_61_83_,0.586758017539978_0.6042618155479431_0.6476407647132874_0.6468797326087952_0.624809741973877_0.6514459848403931_0.6499239206314087_0.6826484203338623_0.685692548751831_0.6864535808563232_0.6689497828483582_0.6788432002067566_0.6917808055877686_0.6704718470573425_0.6796042323112488_0.6803653240203857_0.698630154132843_0.6879756450653076_0.6955860257148743_0.7146118879318237_0.698630154132843_0.702435314655304_0.689497709274292_0.7168949842453003_0.7176560163497925_0.7222222089767456_0.7382039427757263_0.7245053052902222_0.7191780805587769_0.7161339521408081_,0.5640243887901306_0.5609756112098694_0.5670731663703918_0.5853658318519592_0.6036585569381714_0.6067073345184326_0.6280487775802612_0.6006097793579102_0.6158536672592163_0.6189024448394775_0.5975610017776489_0.5914633870124817_0.5609756112098694_0.582317054271698_0.5487805008888245_0.6280487775802612_0.5945122241973877_0.6006097793579102_0.6219512224197388_0.6006097793579102_0.582317054271698_0.5792682766914368_0.6036585569381714_0.6158536672592163_0.5975610017776489_0.6006097793579102_0.5945122241973877_0.5975610017776489_0.6128048896789551_0.6128048896789551_,0.9497995376586914_0.7448098063468933_0.6959750056266785_0.664186954498291_0.6659917831420898_0.6508563756942749_0.6600536108016968_0.6134136319160461_0.6168472766876221_0.61140376329422_0.6124173402786255_0.608177125453949_0.6017747521400452_0.607552170753479_0.5875068306922913_0.5859782099723816_0.581384539604187_0.5899927020072937_0.5780019760131836_0.555975615978241_0.5728116631507874_0.5559453368186951_0.5706077218055725_0.5571612119674683_0.5519228577613831_0.5425407290458679_0.5364629030227661_0.5444586277008057_0.5533235669136047_0.5380121469497681_,1.5309005975723267_1.1156177520751953_0.7176939845085144_0.7440216541290283_0.7133700251579285_0.6807826161384583_0.6574143171310425_0.6721243858337402_0.6678053736686707_0.6556246876716614_0.6683312654495239_0.6971677541732788_0.714587390422821_0.687544584274292_0.7487768530845642_0.6895413994789124_0.6714380979537964_0.686278760433197_0.6822317838668823_0.6776362061500549_0.6800353527069092_0.701106071472168_0.6699175238609314_0.691426694393158_0.6914864778518677_0.6962931752204895_0.6907438635826111_0.6960738301277161_0.6804662346839905_0.6823714971542358_,MLO
Sun Oct 23 21:55:47 2022,VGG19,32,30,0.001,"              precision    recall  f1-score   support

      Benign       0.56      0.68      0.61       215
   Malignant       0.36      0.25      0.30       154

    accuracy                           0.50       369
   macro avg       0.46      0.47      0.46       369
weighted avg       0.48      0.50      0.48       369
",146_69_115_39_,0.6066126823425293_0.6531713604927063_0.6666666865348816_0.6686909794807434_0.6794871687889099_0.6882591247558594_0.6970310211181641_0.7139001488685608_0.7044534683227539_0.6842105388641357_0.7037786841392517_0.7145748734474182_0.71659916639328_0.7085019946098328_0.719298243522644_0.7375168800354004_0.7287449240684509_0.7253711223602295_0.7280701994895935_0.7246963381767273_0.7159244418144226_0.7253711223602295_0.7381916046142578_0.73886638879776_0.7449392676353455_0.73886638879776_0.7456140518188477_0.7604588270187378_0.7435897588729858_0.7510121464729309_,0.5121951103210449_0.5609756112098694_0.6124660968780518_0.5880758762359619_0.6260162591934204_0.5203251838684082_0.5799458026885986_0.6504064798355103_0.642276406288147_0.6368563771247864_0.6612465977668762_0.631436288356781_0.6531165242195129_0.6558265686035156_0.6178861856460571_0.6205962300300598_0.6666666865348816_0.6449864506721497_0.6368563771247864_0.6260162591934204_0.6368563771247864_0.6531165242195129_0.6341463327407837_0.6612465977668762_0.6504064798355103_0.6558265686035156_0.6585366129875183_0.6666666865348816_0.6531165242195129_0.6585366129875183_,0.8795686364173889_0.6803683042526245_0.6363691091537476_0.6373946666717529_0.6148573160171509_0.5993267893791199_0.60398268699646_0.582833468914032_0.5792631506919861_0.5882125496864319_0.5688377618789673_0.5583383440971375_0.5652342438697815_0.5520910620689392_0.5367644429206848_0.5416870713233948_0.5286837816238403_0.5375080108642578_0.5275931358337402_0.543642520904541_0.5368632078170776_0.5284379124641418_0.5242464542388916_0.5252376794815063_0.49763625860214233_0.5247557163238525_0.5084884762763977_0.5023514032363892_0.5176417827606201_0.488598495721817_,1.408294916152954_0.811836302280426_0.6993821859359741_0.7527551054954529_0.6821528673171997_0.8764253258705139_0.7094475030899048_0.6852536201477051_0.6415857076644897_0.6434330344200134_0.6251466870307922_0.626893937587738_0.6238769888877869_0.6226314306259155_0.636470377445221_0.648944079875946_0.6414729356765747_0.6468237638473511_0.6279774308204651_0.6230159997940063_0.6413028836250305_0.6368589997291565_0.63605797290802_0.6452097296714783_0.6602357029914856_0.670011043548584_0.6535319685935974_0.6396467685699463_0.6488692760467529_0.6247100234031677_,MLO
Mon Oct 24 18:27:29 2022,VGG19,32,30,0.001,"              precision    recall  f1-score   support

      Benign       0.57      0.64      0.60       191
   Malignant       0.39      0.33      0.35       135

    accuracy                           0.51       326
   macro avg       0.48      0.48      0.48       326
weighted avg       0.50      0.51      0.50       326
",122_69_91_44_,0.6044376492500305_0.6480489373207092_0.673297643661499_0.6641163229942322_0.7000765204429626_0.6901300549507141_0.7138485312461853_0.7054322957992554_0.7299158573150635_0.7184391617774963_0.7031369805335999_0.7107880711555481_0.7130833864212036_0.7268553972244263_0.7398622632026672_0.7253251671791077_0.7413924932479858_0.7390971779823303_0.7138485312461853_0.7398622632026672_0.7490435838699341_0.7253251671791077_0.7612853646278381_0.7597551941871643_0.7543993592262268_0.7436878085136414_0.765110969543457_0.7536342740058899_0.7643458247184753_0.7674062848091125_,0.6196318864822388_0.6134969592094421_0.6319018602371216_0.6717791557312012_0.6533742547035217_0.6319018602371216_0.6809815764427185_0.6656441688537598_0.6349693536758423_0.6564416885375977_0.6687116622924805_0.6901840567588806_0.6748466491699219_0.6748466491699219_0.7024539709091187_0.7055214643478394_0.6779140830039978_0.7024539709091187_0.6840490698814392_0.696319043636322_0.6840490698814392_0.6840490698814392_0.6901840567588806_0.696319043636322_0.7024539709091187_0.7085889577865601_0.696319043636322_0.6932515501976013_0.6840490698814392_0.6809815764427185_,0.8776512742042542_0.6777216792106628_0.6413099765777588_0.6209247708320618_0.6003097295761108_0.5883195400238037_0.5687293410301208_0.5743573904037476_0.5493013858795166_0.5586281418800354_0.573553740978241_0.5543630123138428_0.5334182977676392_0.5351155400276184_0.5243300795555115_0.5360235571861267_0.5164312124252319_0.5274766683578491_0.5441068410873413_0.5207124352455139_0.5122272372245789_0.5183390378952026_0.4928383529186249_0.5020737051963806_0.502952516078949_0.5049352645874023_0.49572619795799255_0.4858849048614502_0.48960769176483154_0.47122815251350403_,0.8063013553619385_0.8691914677619934_0.8547085523605347_0.6522853374481201_0.6186816692352295_1.3613765239715576_0.6227965354919434_0.5826423764228821_0.6347618103027344_0.6405560374259949_0.5918209552764893_0.5910711288452148_0.6138803958892822_0.6277081966400146_0.5936948657035828_0.582176148891449_0.5839824676513672_0.5786532163619995_0.5723633766174316_0.5914896726608276_0.6230937242507935_0.5799601674079895_0.6148725152015686_0.5952631235122681_0.5848516225814819_0.6097941994667053_0.6005941033363342_0.5987011194229126_0.5970912575721741_0.614495575428009_,CC
Mon Oct 24 18:50:32 2022,VGG19,32,30,0.001,"              precision    recall  f1-score   support

      Benign       0.61      0.52      0.56       191
   Malignant       0.44      0.53      0.48       135

    accuracy                           0.52       326
   macro avg       0.52      0.52      0.52       326
weighted avg       0.54      0.52      0.53       326
",99_92_64_71_,0.594491183757782_0.6258607506752014_0.6541698575019836_0.6847742795944214_0.6954858303070068_0.6840091943740845_0.673297643661499_0.6954858303070068_0.6824789643287659_0.6977812051773071_0.7283856272697449_0.7130833864212036_0.7153787016868591_0.7207344770431519_0.7138485312461853_0.7230298519134521_0.7329762578010559_0.7314460873603821_0.7268553972244263_0.7352716326713562_0.7475134134292603_0.7543993592262268_0.7337414026260376_0.7222647070884705_0.7360367178916931_0.757459819316864_0.7375669479370117_0.7421576380729675_0.7421576380729675_0.7536342740058899_,0.4877300560474396_0.6134969592094421_0.6319018602371216_0.6165643930435181_0.696319043636322_0.7116564512252808_0.7024539709091187_0.6288343667984009_0.6748466491699219_0.7085889577865601_0.696319043636322_0.7177914381027222_0.7024539709091187_0.7147239446640015_0.6901840567588806_0.7085889577865601_0.7147239446640015_0.6901840567588806_0.699386477470398_0.7147239446640015_0.6472392678260803_0.6932515501976013_0.6932515501976013_0.7116564512252808_0.7208588719367981_0.7024539709091187_0.6809815764427185_0.7239263653755188_0.699386477470398_0.6932515501976013_,0.8590035438537598_0.698305606842041_0.6374797821044922_0.6102766990661621_0.6058111190795898_0.6012054085731506_0.6102737784385681_0.5846976637840271_0.5974544882774353_0.5737723708152771_0.5590367317199707_0.5686193108558655_0.5628088712692261_0.5484194159507751_0.5561489462852478_0.5394594669342041_0.5338098406791687_0.5342667102813721_0.5199640989303589_0.5396379232406616_0.5142465233802795_0.5095425248146057_0.50918048620224_0.5357893705368042_0.5261694192886353_0.5008448958396912_0.5189450979232788_0.5065622925758362_0.5051857829093933_0.5007706880569458_,1.499603033065796_0.9001297950744629_0.7033118009567261_0.762387216091156_0.5591272711753845_0.5723580121994019_0.5513604283332825_0.6866212487220764_0.6015452742576599_0.5709420442581177_0.540008008480072_0.5410228967666626_0.5637057423591614_0.532024621963501_0.5313758850097656_0.530694842338562_0.5413488149642944_0.5735400319099426_0.5499857068061829_0.5368998050689697_0.7677780985832214_0.5665109157562256_0.5530874133110046_0.556544840335846_0.5567975044250488_0.5396061539649963_0.5867960453033447_0.5422124862670898_0.541001558303833_0.5758916735649109_,CC
Mon Oct 24 18:59:06 2022,VGG19,32,30,0.001,"              precision    recall  f1-score   support

      Benign       0.59      0.68      0.63       215
   Malignant       0.42      0.33      0.37       154

    accuracy                           0.53       369
   macro avg       0.51      0.51      0.50       369
weighted avg       0.52      0.53      0.52       369
",146_69_103_51_,0.5580297112464905_0.6268556118011475_0.6531713604927063_0.6707152724266052_0.6794871687889099_0.6889338493347168_0.6963562965393066_0.692307710647583_0.6956815123558044_0.7112010717391968_0.7010796070098877_0.7078272700309753_0.7139001488685608_0.7098515629768372_0.7186234593391418_0.7186234593391418_0.7233468294143677_0.7314440011978149_0.734143078327179_0.7327935099601746_0.7429149746894836_0.7354925870895386_0.7489878535270691_0.7604588270187378_0.7435897588729858_0.7321187853813171_0.7354925870895386_0.741565465927124_0.7591093182563782_0.741565465927124_,0.49864497780799866_0.5934959053993225_0.6043360233306885_0.6260162591934204_0.6233062148094177_0.6233062148094177_0.6449864506721497_0.6124660968780518_0.6341463327407837_0.6368563771247864_0.6531165242195129_0.6802167892456055_0.6585366129875183_0.6666666865348816_0.6747967600822449_0.6504064798355103_0.6341463327407837_0.6666666865348816_0.6558265686035156_0.6368563771247864_0.6449864506721497_0.6395664215087891_0.642276406288147_0.6612465977668762_0.6585366129875183_0.6720867156982422_0.6639566421508789_0.6639566421508789_0.6476964950561523_0.6585366129875183_,0.8844154477119446_0.6829410195350647_0.6736575961112976_0.6241795420646667_0.6160170435905457_0.5870054364204407_0.5895350575447083_0.5882498621940613_0.5941116213798523_0.5595872402191162_0.5756222009658813_0.565920889377594_0.5587417483329773_0.5610576272010803_0.5452077388763428_0.5589407682418823_0.5392349362373352_0.5359069108963013_0.5301058292388916_0.5214099287986755_0.5169887542724609_0.531973123550415_0.5119311213493347_0.5197941064834595_0.5187234282493591_0.5281863212585449_0.5109836459159851_0.5214782357215881_0.4986008405685425_0.5100743174552917_,1.2100739479064941_0.755114734172821_0.7032845616340637_0.6495710611343384_0.6411993503570557_0.6293158531188965_0.6282716393470764_0.6774368286132812_0.6321870684623718_0.6278665661811829_0.6152159571647644_0.597866952419281_0.5953752398490906_0.6161425709724426_0.6143742799758911_0.6284083127975464_0.6222147345542908_0.6297608613967896_0.6393359303474426_0.6222231388092041_0.6328867077827454_0.6590067744255066_0.6307821869850159_0.6253895163536072_0.6308676600456238_0.6138908863067627_0.6096184253692627_0.6220701336860657_0.6120618581771851_0.6228838562965393_,MLO
Mon Oct 24 19:08:15 2022,VGG19,32,30,0.001,"              precision    recall  f1-score   support

      Benign       0.55      0.68      0.61       215
   Malignant       0.34      0.23      0.27       154

    accuracy                           0.49       369
   macro avg       0.45      0.46      0.44       369
weighted avg       0.46      0.49      0.47       369
",147_68_119_35_,0.5944669246673584_0.640350878238678_0.6619433164596558_0.6524966359138489_0.6686909794807434_0.6875843405723572_0.6902834177017212_0.6767881512641907_0.6835357546806335_0.6983805894851685_0.6882591247558594_0.7064777612686157_0.6929824352264404_0.7179487347602844_0.7145748734474182_0.7307692170143127_0.7112010717391968_0.7213225364685059_0.7186234593391418_0.7085019946098328_0.7280701994895935_0.7145748734474182_0.7267206311225891_0.7307692170143127_0.7186234593391418_0.7253711223602295_0.7233468294143677_0.7246963381767273_0.736167311668396_0.7381916046142578_,0.4742547571659088_0.5447154641151428_0.6449864506721497_0.6205962300300598_0.6666666865348816_0.6070460677146912_0.6829268336296082_0.6558265686035156_0.6802167892456055_0.6639566421508789_0.6775068044662476_0.6747967600822449_0.6449864506721497_0.6666666865348816_0.6775068044662476_0.6639566421508789_0.6585366129875183_0.6775068044662476_0.6720867156982422_0.6829268336296082_0.6775068044662476_0.6720867156982422_0.6747967600822449_0.6585366129875183_0.6829268336296082_0.6639566421508789_0.6883468627929688_0.6693766713142395_0.6476964950561523_0.6504064798355103_,0.8691955804824829_0.6891805529594421_0.6642312407493591_0.6616549491882324_0.6240403652191162_0.6073060035705566_0.6087267398834229_0.6031367778778076_0.5932921767234802_0.5765798687934875_0.5951085686683655_0.5776699781417847_0.5688596963882446_0.553238570690155_0.5493953824043274_0.5494493842124939_0.5552301406860352_0.5439915657043457_0.5617617964744568_0.548599362373352_0.5318710207939148_0.534805178642273_0.521838903427124_0.5241250991821289_0.5369197130203247_0.5316822528839111_0.5225661396980286_0.5331307649612427_0.519192099571228_0.5149572491645813_,1.6995172500610352_0.8648250699043274_0.6271815299987793_0.6519930362701416_0.6265966296195984_0.696853756904602_0.5970579385757446_0.6172422766685486_0.6039706468582153_0.5849539637565613_0.5930472612380981_0.5922445058822632_0.620524525642395_0.6022480726242065_0.6011486053466797_0.6201318502426147_0.6303917169570923_0.6118474006652832_0.6128199100494385_0.6140339970588684_0.6239593029022217_0.6489011645317078_0.6402795314788818_0.650100827217102_0.595890462398529_0.5900040864944458_0.5990197062492371_0.5990443229675293_0.6035414934158325_0.6047064661979675_,MLO
